{
  "num_samples": 1147,
  "exact_match_rate": 0.36704446381865735,
  "avg_cer": 0.2328870325735603,
  "avg_edit_score": 0.8206724406844724,
  "avg_bleu4": 0.6426401380908453,
  "avg_latency_s": 0.8512808354550996
}