{
  "num_samples": 1199,
  "exact_match_rate": 0.6146788990825688,
  "avg_cer": 0.09116711321385267,
  "avg_edit_score": 0.9266709893603408,
  "avg_bleu4": 0.766614409425089,
  "avg_latency_s": 1.7079233256271869
}