{
  "num_samples": 1199,
  "exact_match_rate": 0.46788990825688076,
  "avg_cer": 0.20068308699459914,
  "avg_edit_score": 0.847831483975256,
  "avg_bleu4": 0.6831410942580778,
  "avg_latency_s": 0.9420568150558055
}