{
  "num_samples": 1147,
  "exact_match_rate": 0.6129032258064516,
  "avg_cer": 0.08867570256108284,
  "avg_edit_score": 0.923982931756584,
  "avg_bleu4": 0.7647083942529628,
  "avg_latency_s": 1.7819081775475618
}