{
  "num_samples": 1147,
  "exact_match_rate": 0.4385353095030514,
  "avg_cer": 0.2046475062050442,
  "avg_edit_score": 0.8413209932640704,
  "avg_bleu4": 0.6740724721828666,
  "avg_latency_s": 0.9662301206094934
}