{
  "num_samples": 986,
  "exact_match_rate": 0.7129817444219066,
  "avg_cer": 0.09033473359388192,
  "avg_edit_score": 0.929457505122367,
  "avg_bleu4": 0.7493356751301073,
  "avg_latency_s": 1.6668083946541283
}