{
  "num_samples": 986,
  "exact_match_rate": 0.5040567951318459,
  "avg_cer": 0.22292089649677438,
  "avg_edit_score": 0.8385801381671024,
  "avg_bleu4": 0.6502086309709163,
  "avg_latency_s": 0.8975991032616262
}