{
  "num_samples": 986,
  "exact_match_rate": 0.4077079107505071,
  "avg_cer": 0.22695112042531562,
  "avg_edit_score": 0.8235763573803182,
  "avg_bleu4": 0.6233562923850247,
  "avg_latency_s": 0.7993886203255586
}