{
  "num_samples": 1199,
  "exact_match_rate": 0.396163469557965,
  "avg_cer": 0.2025881374611852,
  "avg_edit_score": 0.8288591565586925,
  "avg_bleu4": 0.6399741350621216,
  "avg_latency_s": 0.8224576410008282
}